filename,status, issue_cause downloadURL, issue_cause accessURL
Table graphs and map visualizations are also available.,delivered,no download url available
Download metadata in SDMX 2.1 format,delivered
Download metadata in SDMX 2.1 format,issue,url is invalid
Download dataset in SDMX 2.1 format,delivered
Download dataset in SDMX 2.1 format,issue,url is invalid
Download dataset in TSV format,delivered
Download dataset in TSV format,issue,url is invalid
Download dataset in SDMX-CSV format,issue,url is invalid
Download dataset in SDMX-CSV format,delivered,Error: timeout of 20000ms exceeded
